{"sections":{"slideshow":{"type":"slideshow","blocks":{"slide-1":{"type":"image","settings":{"image":"shopify:\/\/shop_images\/recreate_the_same_oc.png","mobile_image":"shopify:\/\/shop_images\/Resize_the_uploaded_phone.png","apply_overlay":true,"content_position":"bottomLeft","subheading":"Ocean Fresh, Refilled","title":"Try our Ocean scent today.","button_1_text":"shop now","button_1_link":"shopify:\/\/products\/ocean-hand-wash-refill-1","button_2_text":"","button_2_link":""}}},"block_order":["slide-1"],"settings":{"show_fullscreen":true,"show_arrow":false,"autoplay":false,"cycle_speed":8,"text_color":"#fafaf3","button_color":"#1c1b1b","button_background":"{{ metaobjects[\"shopify--color-pattern\"].white.color.value }}"}},"custom_html_cYtHKV":{"type":"custom-html","custom_css":[".lux{text-align:center;padding:70px 20px}",".lux h2{font-size:42px;color:#0a2540}",".lux p{color:#6b7c87;margin-bottom:40px}",".g{display:grid;grid-template-columns:repeat(auto-fit,minmax(260px,1fr));gap:30px}",".g img{width:100%;border-radius:12px;transition:.4s}",".g a:hover img{transform:scale(1.05)}",".g span{display:block;margin-top:12px;color:#0a2540}"],"name":"Custom HTML","settings":{"subheading":"Sub-heading","title":"Your HTML","html":"<section class=\"ocean-lux-collection\">\n  <div class=\"ocean-header\">\n    <span class=\"ocean-subtitle\">Our Collection<\/span>\n    <h1>Elevated Daily Essentials<\/h1>\n    <p>Designed for clarity, confidence, and modern living — inspired by the power of the ocean.<\/p>\n  <\/div>\n\n  <div class=\"ocean-grid\">\n    <a href=\"\/products\/ocean-scent\" class=\"ocean-card\">\n      <img src=\"https:\/\/via.placeholder.com\/500x650\" alt=\"Ocean Scent\">\n      <div class=\"ocean-info\">\n        <h3>Ocean Scent<\/h3>\n        <span>Clean • Refreshing • Timeless<\/span>\n      <\/div>\n    <\/a>\n\n    <a href=\"\/products\/signature\" class=\"ocean-card\">\n      <img src=\"https:\/\/via.placeholder.com\/500x650\" alt=\"Signature\">\n      <div class=\"ocean-info\">\n        <h3>Signature<\/h3>\n        <span>Minimal • Powerful<\/span>\n      <\/div>\n    <\/a>\n\n    <a href=\"\/products\/limited-edition\" class=\"ocean-card\">\n      <img src=\"https:\/\/via.placeholder.com\/500x650\" alt=\"Limited Edition\">\n      <div class=\"ocean-info\">\n        <h3>Limited Edition<\/h3>\n        <span>Exclusive Release<\/span>\n      <\/div>\n    <\/a>\n  <\/div>\n<\/section>"}},"featured-collections":{"type":"featured-collections","settings":{"title":"","layout_mode":"carousel","show_product_info":true,"show_vendor":false,"show_color_swatch":false,"grid_mobile_items_per_row":"2","grid_desktop_items_per_row":4}},"timeline":{"type":"timeline","blocks":{"item-0":{"type":"item","settings":{"apply_overlay":true,"title":"2000","subheading":"Sub-heading","heading":"Heading","content":"<p>Add your own custom content to give more information about your store, availability details...<\/p>"}},"item-1":{"type":"item","settings":{"apply_overlay":true,"title":"2001","subheading":"Sub-heading","heading":"Heading","content":"<p>Add your own custom content to give more information about your store, availability details...<\/p>"}},"item-2":{"type":"item","settings":{"apply_overlay":true,"title":"2002","subheading":"Sub-heading","heading":"Heading","content":"<p>Add your own custom content to give more information about your store, availability details...<\/p>"}}},"block_order":["item-0","item-1","item-2"],"disabled":true,"settings":{"text_color":"#ffffff"}},"blog-posts":{"type":"blog-posts","blocks":{"blog-0":{"type":"blog","settings":{"blog":"news"}}},"block_order":["blog-0"],"disabled":true,"settings":{"subheading":"","title":"Featured article","show_category":false,"button_link":"","button_text":"View all articles"}}},"order":["slideshow","custom_html_cYtHKV","featured-collections","timeline","blog-posts"]}